elapsed_seconds,timestamp,gpu_uuid,sm_clock_mhz,memory_clock_mhz,temperature_c,power_w,utilization_percent
0.0009307861328125,2026/09/18 11:16:57.545,GPU-af815c34-e868-2ca8-0057-81c8ac28573e,2700,13801,36,18.42,1
5.051375150680542,2026/09/18 11:17:02.588,GPU-af815c34-e868-2ca8-0057-81c8ac28573e,2647,13801,57,158.46,96
10.089637994766235,2026/09/18 11:17:07.632,GPU-af815c34-e868-2ca8-0057-81c8ac28573e,2647,13801,59,159.70,96
15.133928775787354,2026/09/18 11:17:12.666,GPU-af815c34-e868-2ca8-0057-81c8ac28573e,2640,13801,60,160.32,96
20.168834447860718,2026/09/18 11:17:17.701,GPU-af815c34-e868-2ca8-0057-81c8ac28573e,2640,13801,61,161.24,96
25.205012321472168,2026/09/18 11:17:22.739,GPU-af815c34-e868-2ca8-0057-81c8ac28573e,2640,13801,62,161.38,96
30.24233102798462,2026/09/18 11:17:27.774,GPU-af815c34-e868-2ca8-0057-81c8ac28573e,2640,13801,62,161.21,95
35.27810597419739,2026/09/18 11:17:32.809,GPU-af815c34-e868-2ca8-0057-81c8ac28573e,2640,13801,62,161.99,96
40.31336760520935,2026/09/18 11:17:37.846,GPU-af815c34-e868-2ca8-0057-81c8ac28573e,2632,13801,62,161.34,96
45.34754395484924,2026/09/18 11:17:42.878,GPU-af815c34-e868-2ca8-0057-81c8ac28573e,2632,13801,62,162.84,96
50.3801007270813,2026/09/18 11:17:47.911,GPU-af815c34-e868-2ca8-0057-81c8ac28573e,2632,13801,62,162.36,96
55.41386294364929,2026/09/18 11:17:52.945,GPU-af815c34-e868-2ca8-0057-81c8ac28573e,2632,13801,62,162.76,96
60.448533058166504,2026/09/18 11:17:57.979,GPU-af815c34-e868-2ca8-0057-81c8ac28573e,2640,13801,62,162.48,96
65.48140001296997,2026/09/18 11:18:03.012,GPU-af815c34-e868-2ca8-0057-81c8ac28573e,2640,13801,62,162.60,96
70.51437568664551,2026/09/18 11:18:08.047,GPU-af815c34-e868-2ca8-0057-81c8ac28573e,2640,13801,61,162.62,96
75.5493597984314,2026/09/18 11:18:13.080,GPU-af815c34-e868-2ca8-0057-81c8ac28573e,2640,13801,62,162.21,96
80.5826907157898,2026/09/18 11:18:18.116,GPU-af815c34-e868-2ca8-0057-81c8ac28573e,2640,13801,62,162.50,96
85.61751508712769,2026/09/18 11:18:23.149,GPU-af815c34-e868-2ca8-0057-81c8ac28573e,2640,13801,62,162.80,96
90.65244722366333,2026/09/18 11:18:28.183,GPU-af815c34-e868-2ca8-0057-81c8ac28573e,2640,13801,62,163.21,96
95.68642973899841,2026/09/18 11:18:33.217,GPU-af815c34-e868-2ca8-0057-81c8ac28573e,2632,13801,62,162.45,95
100.7195999622345,2026/09/18 11:18:38.251,GPU-af815c34-e868-2ca8-0057-81c8ac28573e,2632,13801,62,162.56,96
105.75334858894348,2026/09/18 11:18:43.285,GPU-af815c34-e868-2ca8-0057-81c8ac28573e,2632,13801,62,162.79,96
110.78622817993164,2026/09/18 11:18:48.317,GPU-af815c34-e868-2ca8-0057-81c8ac28573e,2640,13801,62,162.52,95
115.81998372077942,2026/09/18 11:18:53.351,GPU-af815c34-e868-2ca8-0057-81c8ac28573e,2632,13801,62,162.66,96
120.85309147834778,2026/09/18 11:18:58.385,GPU-af815c34-e868-2ca8-0057-81c8ac28573e,2632,13801,62,162.45,96
125.88885283470154,2026/09/18 11:19:03.420,GPU-af815c34-e868-2ca8-0057-81c8ac28573e,2632,13801,62,162.46,96
130.92174339294434,2026/09/18 11:19:08.453,GPU-af815c34-e868-2ca8-0057-81c8ac28573e,2632,13801,62,162.29,96
135.95586585998535,2026/09/18 11:19:13.490,GPU-af815c34-e868-2ca8-0057-81c8ac28573e,2632,13801,62,162.34,96
140.99311590194702,2026/09/18 11:19:18.524,GPU-af815c34-e868-2ca8-0057-81c8ac28573e,2640,13801,62,162.64,96
146.02767705917358,2026/09/18 11:19:23.561,GPU-af815c34-e868-2ca8-0057-81c8ac28573e,2632,13801,62,162.88,96
151.0644600391388,2026/09/18 11:19:28.596,GPU-af815c34-e868-2ca8-0057-81c8ac28573e,2632,13801,62,162.66,96
156.09794759750366,2026/09/18 11:19:33.629,GPU-af815c34-e868-2ca8-0057-81c8ac28573e,2632,13801,62,162.65,95
161.1318278312683,2026/09/18 11:19:38.662,GPU-af815c34-e868-2ca8-0057-81c8ac28573e,2632,13801,62,163.10,96
166.16534638404846,2026/09/18 11:19:43.696,GPU-af815c34-e868-2ca8-0057-81c8ac28573e,2632,13801,62,163.15,96
171.19806361198425,2026/09/18 11:19:48.730,GPU-af815c34-e868-2ca8-0057-81c8ac28573e,2640,13801,62,163.07,96
176.23346400260925,2026/09/18 11:19:53.764,GPU-af815c34-e868-2ca8-0057-81c8ac28573e,2632,13801,62,163.11,95
181.2660882472992,2026/09/18 11:19:58.797,GPU-af815c34-e868-2ca8-0057-81c8ac28573e,2632,13801,62,162.89,96
186.30059003829956,2026/09/18 11:20:03.832,GPU-af815c34-e868-2ca8-0057-81c8ac28573e,2640,13801,62,163.93,96
191.33484840393066,2026/09/18 11:20:08.866,GPU-af815c34-e868-2ca8-0057-81c8ac28573e,2640,13801,62,162.63,96
196.36855840682983,2026/09/18 11:20:13.901,GPU-af815c34-e868-2ca8-0057-81c8ac28573e,2632,13801,62,163.60,96
201.40343809127808,2026/09/18 11:20:18.934,GPU-af815c34-e868-2ca8-0057-81c8ac28573e,2632,13801,61,162.41,95
206.4363956451416,2026/09/18 11:20:23.968,GPU-af815c34-e868-2ca8-0057-81c8ac28573e,2632,13801,62,163.04,96
211.47085666656494,2026/09/18 11:20:29.003,GPU-af815c34-e868-2ca8-0057-81c8ac28573e,2632,13801,61,162.57,96
216.50465893745422,2026/09/18 11:20:34.036,GPU-af815c34-e868-2ca8-0057-81c8ac28573e,2632,13801,62,162.49,96
221.53836703300476,2026/09/18 11:20:39.069,GPU-af815c34-e868-2ca8-0057-81c8ac28573e,2632,13801,62,162.80,96
226.57068181037903,2026/09/18 11:20:44.102,GPU-af815c34-e868-2ca8-0057-81c8ac28573e,2632,13801,62,162.56,96
231.6038339138031,2026/09/18 11:20:49.135,GPU-af815c34-e868-2ca8-0057-81c8ac28573e,2632,13801,62,162.85,96
236.6378617286682,2026/09/18 11:20:54.172,GPU-af815c34-e868-2ca8-0057-81c8ac28573e,2632,13801,62,163.23,96
241.67420077323914,2026/09/18 11:20:59.208,GPU-af815c34-e868-2ca8-0057-81c8ac28573e,2632,13801,62,162.28,96
246.71010947227478,2026/09/18 11:21:04.241,GPU-af815c34-e868-2ca8-0057-81c8ac28573e,2632,13801,62,162.68,96
251.74272322654724,2026/09/18 11:21:09.273,GPU-af815c34-e868-2ca8-0057-81c8ac28573e,2632,13801,62,162.90,96
256.77626872062683,2026/09/18 11:21:14.307,GPU-af815c34-e868-2ca8-0057-81c8ac28573e,2632,13801,62,163.14,96
261.8093490600586,2026/09/18 11:21:19.341,GPU-af815c34-e868-2ca8-0057-81c8ac28573e,2632,13801,62,162.30,96
266.8443093299866,2026/09/18 11:21:24.376,GPU-af815c34-e868-2ca8-0057-81c8ac28573e,2632,13801,62,162.85,95
271.8776457309723,2026/09/18 11:21:29.411,GPU-af815c34-e868-2ca8-0057-81c8ac28573e,2632,13801,61,162.50,96
276.9127604961395,2026/09/18 11:21:34.447,GPU-af815c34-e868-2ca8-0057-81c8ac28573e,2632,13801,62,163.28,96
281.9492828845978,2026/09/18 11:21:39.482,GPU-af815c34-e868-2ca8-0057-81c8ac28573e,2632,13801,62,163.04,96
286.9851996898651,2026/09/18 11:21:44.516,GPU-af815c34-e868-2ca8-0057-81c8ac28573e,2632,13801,62,162.88,96
292.0180082321167,2026/09/18 11:21:49.550,GPU-af815c34-e868-2ca8-0057-81c8ac28573e,2632,13801,62,162.74,95
297.05171275138855,2026/09/18 11:21:54.582,GPU-af815c34-e868-2ca8-0057-81c8ac28573e,2632,13801,62,162.66,96
302.0857443809509,2026/09/18 11:21:59.617,GPU-af815c34-e868-2ca8-0057-81c8ac28573e,2632,13801,62,162.77,96
307.12035632133484,2026/09/18 11:22:04.651,GPU-af815c34-e868-2ca8-0057-81c8ac28573e,2632,13801,62,162.98,96
312.1539375782013,2026/09/18 11:22:09.684,GPU-af815c34-e868-2ca8-0057-81c8ac28573e,2632,13801,62,162.50,95
317.18715834617615,2026/09/18 11:22:14.717,GPU-af815c34-e868-2ca8-0057-81c8ac28573e,2632,13801,62,162.82,96
322.2192132472992,2026/09/18 11:22:19.749,GPU-af815c34-e868-2ca8-0057-81c8ac28573e,2632,13801,62,162.75,96
327.2517032623291,2026/09/18 11:22:24.784,GPU-af815c34-e868-2ca8-0057-81c8ac28573e,2632,13801,62,162.67,96
332.28627014160156,2026/09/18 11:22:29.817,GPU-af815c34-e868-2ca8-0057-81c8ac28573e,2632,13801,62,163.19,96
337.31957149505615,2026/09/18 11:22:34.851,GPU-af815c34-e868-2ca8-0057-81c8ac28573e,2632,13801,62,162.93,96
342.35260939598083,2026/09/18 11:22:39.884,GPU-af815c34-e868-2ca8-0057-81c8ac28573e,2632,13801,62,163.10,96
347.3868501186371,2026/09/18 11:22:44.918,GPU-af815c34-e868-2ca8-0057-81c8ac28573e,2632,13801,62,163.05,96
352.4212415218353,2026/09/18 11:22:49.953,GPU-af815c34-e868-2ca8-0057-81c8ac28573e,2632,13801,62,162.56,95
357.4556357860565,2026/09/18 11:22:54.986,GPU-af815c34-e868-2ca8-0057-81c8ac28573e,2632,13801,62,162.98,96
362.48780512809753,2026/09/18 11:23:00.019,GPU-af815c34-e868-2ca8-0057-81c8ac28573e,2632,13801,62,162.90,95
367.5214989185333,2026/09/18 11:23:05.054,GPU-af815c34-e868-2ca8-0057-81c8ac28573e,2632,13801,62,162.89,95
372.55762124061584,2026/09/18 11:23:10.090,GPU-af815c34-e868-2ca8-0057-81c8ac28573e,2632,13801,62,162.89,96
377.5936658382416,2026/09/18 11:23:15.126,GPU-af815c34-e868-2ca8-0057-81c8ac28573e,2632,13801,62,163.05,95
382.6285789012909,2026/09/18 11:23:20.159,GPU-af815c34-e868-2ca8-0057-81c8ac28573e,2632,13801,62,163.10,96
387.6625852584839,2026/09/18 11:23:25.194,GPU-af815c34-e868-2ca8-0057-81c8ac28573e,2640,13801,62,163.16,96
392.6964147090912,2026/09/18 11:23:30.227,GPU-af815c34-e868-2ca8-0057-81c8ac28573e,2640,13801,62,163.04,96
397.72911262512207,2026/09/18 11:23:35.260,GPU-af815c34-e868-2ca8-0057-81c8ac28573e,2632,13801,61,162.81,96
402.7618477344513,2026/09/18 11:23:40.293,GPU-af815c34-e868-2ca8-0057-81c8ac28573e,2632,13801,62,162.64,96
407.79510831832886,2026/09/18 11:23:45.326,GPU-af815c34-e868-2ca8-0057-81c8ac28573e,2632,13801,62,162.67,96
412.82812333106995,2026/09/18 11:23:50.361,GPU-af815c34-e868-2ca8-0057-81c8ac28573e,2632,13801,62,162.92,96
417.86224269866943,2026/09/18 11:23:55.393,GPU-af815c34-e868-2ca8-0057-81c8ac28573e,2632,13801,61,162.67,95
422.895067691803,2026/09/18 11:24:00.425,GPU-af815c34-e868-2ca8-0057-81c8ac28573e,2632,13801,62,162.79,96
427.9273076057434,2026/09/18 11:24:05.458,GPU-af815c34-e868-2ca8-0057-81c8ac28573e,2632,13801,61,163.08,96
432.96030592918396,2026/09/18 11:24:10.491,GPU-af815c34-e868-2ca8-0057-81c8ac28573e,2632,13801,62,162.74,96
437.9936761856079,2026/09/18 11:24:15.524,GPU-af815c34-e868-2ca8-0057-81c8ac28573e,2632,13801,61,162.38,96
443.0271601676941,2026/09/18 11:24:20.559,GPU-af815c34-e868-2ca8-0057-81c8ac28573e,2632,13801,62,163.11,96
448.0615699291229,2026/09/18 11:24:25.593,GPU-af815c34-e868-2ca8-0057-81c8ac28573e,2632,13801,62,162.75,96
453.09459686279297,2026/09/18 11:24:30.626,GPU-af815c34-e868-2ca8-0057-81c8ac28573e,2632,13801,62,162.84,96
458.12857937812805,2026/09/18 11:24:35.660,GPU-af815c34-e868-2ca8-0057-81c8ac28573e,2632,13801,61,163.23,96
463.16247487068176,2026/09/18 11:24:40.694,GPU-af815c34-e868-2ca8-0057-81c8ac28573e,2632,13801,62,163.33,96
468.19588446617126,2026/09/18 11:24:45.728,GPU-af815c34-e868-2ca8-0057-81c8ac28573e,2632,13801,62,162.45,96
473.23058700561523,2026/09/18 11:24:50.762,GPU-af815c34-e868-2ca8-0057-81c8ac28573e,2632,13801,62,162.57,96
478.26521587371826,2026/09/18 11:24:55.797,GPU-af815c34-e868-2ca8-0057-81c8ac28573e,2632,13801,61,162.71,96
483.29871225357056,2026/09/18 11:25:00.829,GPU-af815c34-e868-2ca8-0057-81c8ac28573e,2632,13801,62,162.74,96
488.33163261413574,2026/09/18 11:25:05.863,GPU-af815c34-e868-2ca8-0057-81c8ac28573e,2632,13801,62,162.32,96
493.36527037620544,2026/09/18 11:25:10.896,GPU-af815c34-e868-2ca8-0057-81c8ac28573e,2632,13801,62,162.24,96
498.39877128601074,2026/09/18 11:25:15.929,GPU-af815c34-e868-2ca8-0057-81c8ac28573e,2632,13801,62,162.52,96
503.4304678440094,2026/09/18 11:25:20.961,GPU-af815c34-e868-2ca8-0057-81c8ac28573e,2632,13801,62,162.59,96
508.46327114105225,2026/09/18 11:25:25.994,GPU-af815c34-e868-2ca8-0057-81c8ac28573e,2632,13801,62,162.37,96
513.4962255954742,2026/09/18 11:25:31.027,GPU-af815c34-e868-2ca8-0057-81c8ac28573e,2632,13801,62,162.26,95
518.5284152030945,2026/09/18 11:25:36.059,GPU-af815c34-e868-2ca8-0057-81c8ac28573e,2632,13801,62,162.37,96
523.5620062351227,2026/09/18 11:25:41.094,GPU-af815c34-e868-2ca8-0057-81c8ac28573e,2632,13801,62,162.09,95
528.5963938236237,2026/09/18 11:25:46.128,GPU-af815c34-e868-2ca8-0057-81c8ac28573e,2632,13801,62,162.19,96
533.6297209262848,2026/09/18 11:25:51.160,GPU-af815c34-e868-2ca8-0057-81c8ac28573e,2632,13801,61,161.84,94
538.6627838611603,2026/09/18 11:25:56.193,GPU-af815c34-e868-2ca8-0057-81c8ac28573e,2632,13801,61,162.43,95
543.6961951255798,2026/09/18 11:26:01.227,GPU-af815c34-e868-2ca8-0057-81c8ac28573e,2632,13801,62,162.56,96
548.7298498153687,2026/09/18 11:26:06.261,GPU-af815c34-e868-2ca8-0057-81c8ac28573e,2632,13801,62,162.29,95
553.7634000778198,2026/09/18 11:26:11.293,GPU-af815c34-e868-2ca8-0057-81c8ac28573e,2632,13801,62,162.24,96
558.7952692508698,2026/09/18 11:26:16.326,GPU-af815c34-e868-2ca8-0057-81c8ac28573e,2632,13801,61,162.75,96
563.8284788131714,2026/09/18 11:26:21.360,GPU-af815c34-e868-2ca8-0057-81c8ac28573e,2632,13801,62,162.65,96
568.8622169494629,2026/09/18 11:26:26.393,GPU-af815c34-e868-2ca8-0057-81c8ac28573e,2632,13801,62,162.14,95
573.8958849906921,2026/09/18 11:26:31.427,GPU-af815c34-e868-2ca8-0057-81c8ac28573e,2632,13801,62,162.74,95
578.9292094707489,2026/09/18 11:26:36.460,GPU-af815c34-e868-2ca8-0057-81c8ac28573e,2632,13801,61,162.83,96
583.9622106552124,2026/09/18 11:26:41.493,GPU-af815c34-e868-2ca8-0057-81c8ac28573e,2632,13801,62,162.54,96
588.9961433410645,2026/09/18 11:26:46.527,GPU-af815c34-e868-2ca8-0057-81c8ac28573e,2632,13801,62,162.84,96
594.0290558338165,2026/09/18 11:26:51.559,GPU-af815c34-e868-2ca8-0057-81c8ac28573e,2632,13801,62,162.48,95
599.0609364509583,2026/09/18 11:26:56.592,GPU-af815c34-e868-2ca8-0057-81c8ac28573e,2632,13801,62,162.68,95
604.0945031642914,2026/09/18 11:27:01.625,GPU-af815c34-e868-2ca8-0057-81c8ac28573e,2632,13801,61,162.76,96
609.1275219917297,2026/09/18 11:27:06.659,GPU-af815c34-e868-2ca8-0057-81c8ac28573e,2632,13801,62,162.83,96
614.1618077754974,2026/09/18 11:27:11.692,GPU-af815c34-e868-2ca8-0057-81c8ac28573e,2632,13801,62,162.62,96
619.1945836544037,2026/09/18 11:27:16.726,GPU-af815c34-e868-2ca8-0057-81c8ac28573e,2632,13801,62,162.55,96
624.2279849052429,2026/09/18 11:27:21.759,GPU-af815c34-e868-2ca8-0057-81c8ac28573e,2632,13801,62,162.56,96
629.2607674598694,2026/09/18 11:27:26.791,GPU-af815c34-e868-2ca8-0057-81c8ac28573e,2632,13801,62,162.14,96
634.2938907146454,2026/09/18 11:27:31.825,GPU-af815c34-e868-2ca8-0057-81c8ac28573e,2632,13801,62,162.74,96
639.3270733356476,2026/09/18 11:27:36.859,GPU-af815c34-e868-2ca8-0057-81c8ac28573e,2632,13801,61,162.97,96
644.360996723175,2026/09/18 11:27:41.891,GPU-af815c34-e868-2ca8-0057-81c8ac28573e,2632,13801,62,162.82,95
649.3943016529083,2026/09/18 11:27:46.925,GPU-af815c34-e868-2ca8-0057-81c8ac28573e,2632,13801,62,162.89,96
654.427826166153,2026/09/18 11:27:51.959,GPU-af815c34-e868-2ca8-0057-81c8ac28573e,2640,13801,62,162.78,96
659.4621641635895,2026/09/18 11:27:56.993,GPU-af815c34-e868-2ca8-0057-81c8ac28573e,2640,13801,62,162.47,96
664.4954082965851,2026/09/18 11:28:02.027,GPU-af815c34-e868-2ca8-0057-81c8ac28573e,2632,13801,61,162.85,96
669.5284678936005,2026/09/18 11:28:07.059,GPU-af815c34-e868-2ca8-0057-81c8ac28573e,2632,13801,62,162.61,96
674.5609056949615,2026/09/18 11:28:12.096,GPU-af815c34-e868-2ca8-0057-81c8ac28573e,2632,13801,62,162.88,96
679.598424911499,2026/09/18 11:28:17.130,GPU-af815c34-e868-2ca8-0057-81c8ac28573e,2632,13801,62,162.78,96
684.6327760219574,2026/09/18 11:28:22.164,GPU-af815c34-e868-2ca8-0057-81c8ac28573e,2632,13801,61,162.69,96
689.6660051345825,2026/09/18 11:28:27.202,GPU-af815c34-e868-2ca8-0057-81c8ac28573e,2632,13801,62,162.49,96
694.7047109603882,2026/09/18 11:28:32.236,GPU-af815c34-e868-2ca8-0057-81c8ac28573e,2632,13801,62,162.43,96
699.7379012107849,2026/09/18 11:28:37.267,GPU-af815c34-e868-2ca8-0057-81c8ac28573e,2632,13801,62,162.66,96
704.7693054676056,2026/09/18 11:28:42.300,GPU-af815c34-e868-2ca8-0057-81c8ac28573e,2632,13801,62,162.62,96
709.8024199008942,2026/09/18 11:28:47.332,GPU-af815c34-e868-2ca8-0057-81c8ac28573e,2632,13801,62,162.61,96
714.8349454402924,2026/09/18 11:28:52.364,GPU-af815c34-e868-2ca8-0057-81c8ac28573e,2632,13801,62,162.37,94
719.8666198253632,2026/09/18 11:28:57.397,GPU-af815c34-e868-2ca8-0057-81c8ac28573e,2632,13801,62,162.79,96
724.8993775844574,2026/09/18 11:29:02.430,GPU-af815c34-e868-2ca8-0057-81c8ac28573e,2632,13801,61,162.74,96
729.9322030544281,2026/09/18 11:29:07.462,GPU-af815c34-e868-2ca8-0057-81c8ac28573e,2632,13801,61,162.86,96
734.9646759033203,2026/09/18 11:29:12.495,GPU-af815c34-e868-2ca8-0057-81c8ac28573e,2632,13801,62,162.91,96
739.9969832897186,2026/09/18 11:29:17.528,GPU-af815c34-e868-2ca8-0057-81c8ac28573e,2632,13801,62,162.23,96
745.0297362804413,2026/09/18 11:29:22.559,GPU-af815c34-e868-2ca8-0057-81c8ac28573e,2632,13801,61,162.80,95
750.0615427494049,2026/09/18 11:29:27.593,GPU-af815c34-e868-2ca8-0057-81c8ac28573e,2632,13801,62,162.78,96
755.0951492786407,2026/09/18 11:29:32.626,GPU-af815c34-e868-2ca8-0057-81c8ac28573e,2632,13801,62,162.54,96
760.1270775794983,2026/09/18 11:29:37.657,GPU-af815c34-e868-2ca8-0057-81c8ac28573e,2632,13801,62,163.00,96
765.1590297222137,2026/09/18 11:29:42.691,GPU-af815c34-e868-2ca8-0057-81c8ac28573e,2632,13801,62,162.53,95
770.1932780742645,2026/09/18 11:29:47.723,GPU-af815c34-e868-2ca8-0057-81c8ac28573e,2632,13801,62,162.08,95
775.2253737449646,2026/09/18 11:29:52.756,GPU-af815c34-e868-2ca8-0057-81c8ac28573e,2632,13801,62,162.39,95
780.2579338550568,2026/09/18 11:29:57.788,GPU-af815c34-e868-2ca8-0057-81c8ac28573e,2632,13801,62,162.57,96
785.2903742790222,2026/09/18 11:30:02.820,GPU-af815c34-e868-2ca8-0057-81c8ac28573e,2632,13801,62,162.66,96
790.3226430416107,2026/09/18 11:30:07.853,GPU-af815c34-e868-2ca8-0057-81c8ac28573e,2632,13801,62,162.63,96
795.3547070026398,2026/09/18 11:30:12.885,GPU-af815c34-e868-2ca8-0057-81c8ac28573e,2632,13801,62,162.92,96
800.3873805999756,2026/09/18 11:30:17.918,GPU-af815c34-e868-2ca8-0057-81c8ac28573e,2632,13801,62,162.76,96
805.420458316803,2026/09/18 11:30:22.951,GPU-af815c34-e868-2ca8-0057-81c8ac28573e,2632,13801,62,162.57,96
810.4536511898041,2026/09/18 11:30:27.984,GPU-af815c34-e868-2ca8-0057-81c8ac28573e,2632,13801,62,163.00,96
815.4863293170929,2026/09/18 11:30:33.017,GPU-af815c34-e868-2ca8-0057-81c8ac28573e,2632,13801,62,162.66,96
820.51917719841,2026/09/18 11:30:38.050,GPU-af815c34-e868-2ca8-0057-81c8ac28573e,2632,13801,62,162.59,96
825.551988363266,2026/09/18 11:30:43.081,GPU-af815c34-e868-2ca8-0057-81c8ac28573e,2632,13801,62,162.70,96
830.5841820240021,2026/09/18 11:30:48.115,GPU-af815c34-e868-2ca8-0057-81c8ac28573e,2632,13801,62,162.53,96
835.6171545982361,2026/09/18 11:30:53.148,GPU-af815c34-e868-2ca8-0057-81c8ac28573e,2632,13801,62,162.33,95
840.6502754688263,2026/09/18 11:30:58.180,GPU-af815c34-e868-2ca8-0057-81c8ac28573e,2632,13801,62,162.51,95
845.6823964118958,2026/09/18 11:31:03.212,GPU-af815c34-e868-2ca8-0057-81c8ac28573e,2632,13801,62,162.79,96
850.7154459953308,2026/09/18 11:31:08.246,GPU-af815c34-e868-2ca8-0057-81c8ac28573e,2632,13801,62,162.62,95
855.7485911846161,2026/09/18 11:31:13.279,GPU-af815c34-e868-2ca8-0057-81c8ac28573e,2632,13801,62,162.49,95
860.7818720340729,2026/09/18 11:31:18.312,GPU-af815c34-e868-2ca8-0057-81c8ac28573e,2632,13801,62,162.67,95
865.8147447109222,2026/09/18 11:31:23.345,GPU-af815c34-e868-2ca8-0057-81c8ac28573e,2632,13801,62,162.91,96
870.847496509552,2026/09/18 11:31:28.378,GPU-af815c34-e868-2ca8-0057-81c8ac28573e,2632,13801,62,162.94,96
875.8804135322571,2026/09/18 11:31:33.411,GPU-af815c34-e868-2ca8-0057-81c8ac28573e,2632,13801,62,162.80,96
880.9129750728607,2026/09/18 11:31:38.444,GPU-af815c34-e868-2ca8-0057-81c8ac28573e,2632,13801,62,162.38,96
885.9461023807526,2026/09/18 11:31:43.476,GPU-af815c34-e868-2ca8-0057-81c8ac28573e,2632,13801,62,162.97,96
890.9790623188019,2026/09/18 11:31:48.509,GPU-af815c34-e868-2ca8-0057-81c8ac28573e,2632,13801,62,162.94,96
896.0124881267548,2026/09/18 11:31:53.542,GPU-af815c34-e868-2ca8-0057-81c8ac28573e,2632,13801,62,162.64,96
901.0447256565094,2026/09/18 11:31:58.576,GPU-af815c34-e868-2ca8-0057-81c8ac28573e,2632,13801,62,162.87,96
906.0777866840363,2026/09/18 11:32:03.608,GPU-af815c34-e868-2ca8-0057-81c8ac28573e,2632,13801,62,162.87,96
911.1101241111755,2026/09/18 11:32:08.640,GPU-af815c34-e868-2ca8-0057-81c8ac28573e,2632,13801,61,162.35,95
916.1422703266144,2026/09/18 11:32:13.673,GPU-af815c34-e868-2ca8-0057-81c8ac28573e,2632,13801,62,162.93,96
921.1756219863892,2026/09/18 11:32:18.706,GPU-af815c34-e868-2ca8-0057-81c8ac28573e,2632,13801,62,162.64,96
926.2080986499786,2026/09/18 11:32:23.738,GPU-af815c34-e868-2ca8-0057-81c8ac28573e,2632,13801,62,162.73,96
931.2404766082764,2026/09/18 11:32:28.770,GPU-af815c34-e868-2ca8-0057-81c8ac28573e,2632,13801,62,162.73,96
936.2722508907318,2026/09/18 11:32:33.802,GPU-af815c34-e868-2ca8-0057-81c8ac28573e,2632,13801,62,162.30,96
941.3041338920593,2026/09/18 11:32:38.834,GPU-af815c34-e868-2ca8-0057-81c8ac28573e,2632,13801,62,162.29,96
946.3368330001831,2026/09/18 11:32:43.868,GPU-af815c34-e868-2ca8-0057-81c8ac28573e,2632,13801,62,162.58,95
951.3694050312042,2026/09/18 11:32:48.901,GPU-af815c34-e868-2ca8-0057-81c8ac28573e,2632,13801,62,162.43,96
956.4031226634979,2026/09/18 11:32:53.933,GPU-af815c34-e868-2ca8-0057-81c8ac28573e,2632,13801,62,162.50,96
961.4363214969635,2026/09/18 11:32:58.967,GPU-af815c34-e868-2ca8-0057-81c8ac28573e,2632,13801,62,162.12,95
966.4693174362183,2026/09/18 11:33:04.000,GPU-af815c34-e868-2ca8-0057-81c8ac28573e,2632,13801,61,161.85,95
971.5020701885223,2026/09/18 11:33:09.033,GPU-af815c34-e868-2ca8-0057-81c8ac28573e,2632,13801,61,162.58,96
976.5352427959442,2026/09/18 11:33:14.065,GPU-af815c34-e868-2ca8-0057-81c8ac28573e,2632,13801,62,162.67,96
981.5670962333679,2026/09/18 11:33:19.098,GPU-af815c34-e868-2ca8-0057-81c8ac28573e,2632,13801,62,162.09,96
986.5999989509583,2026/09/18 11:33:24.131,GPU-af815c34-e868-2ca8-0057-81c8ac28573e,2632,13801,62,162.58,95
991.633049249649,2026/09/18 11:33:29.164,GPU-af815c34-e868-2ca8-0057-81c8ac28573e,2632,13801,61,162.89,96
996.6663825511932,2026/09/18 11:33:34.197,GPU-af815c34-e868-2ca8-0057-81c8ac28573e,2632,13801,62,162.65,96
1001.700448513031,2026/09/18 11:33:39.232,GPU-af815c34-e868-2ca8-0057-81c8ac28573e,2632,13801,62,162.32,96
1006.7340831756592,2026/09/18 11:33:44.265,GPU-af815c34-e868-2ca8-0057-81c8ac28573e,2632,13801,62,162.40,96
1011.7661125659943,2026/09/18 11:33:49.296,GPU-af815c34-e868-2ca8-0057-81c8ac28573e,2632,13801,61,162.56,96
1016.7987947463989,2026/09/18 11:33:54.331,GPU-af815c34-e868-2ca8-0057-81c8ac28573e,2632,13801,62,162.56,96
1021.8334279060364,2026/09/18 11:33:59.364,GPU-af815c34-e868-2ca8-0057-81c8ac28573e,2632,13801,62,162.26,96
1026.8662793636322,2026/09/18 11:34:04.396,GPU-af815c34-e868-2ca8-0057-81c8ac28573e,2632,13801,62,162.79,96
1031.899389743805,2026/09/18 11:34:09.430,GPU-af815c34-e868-2ca8-0057-81c8ac28573e,2632,13801,62,161.96,94
1036.932520866394,2026/09/18 11:34:14.464,GPU-af815c34-e868-2ca8-0057-81c8ac28573e,2632,13801,62,162.93,96
1041.9654364585876,2026/09/18 11:34:19.496,GPU-af815c34-e868-2ca8-0057-81c8ac28573e,2632,13801,62,162.72,96
1046.9981005191803,2026/09/18 11:34:24.528,GPU-af815c34-e868-2ca8-0057-81c8ac28573e,2632,13801,61,162.13,96
1052.0296275615692,2026/09/18 11:34:29.561,GPU-af815c34-e868-2ca8-0057-81c8ac28573e,2632,13801,61,162.64,96
1057.0639853477478,2026/09/18 11:34:34.597,GPU-af815c34-e868-2ca8-0057-81c8ac28573e,2632,13801,61,162.15,96
1062.1000471115112,2026/09/18 11:34:39.630,GPU-af815c34-e868-2ca8-0057-81c8ac28573e,2632,13801,61,162.75,96
1067.1323735713959,2026/09/18 11:34:44.663,GPU-af815c34-e868-2ca8-0057-81c8ac28573e,2632,13801,61,162.79,96
1072.1653547286987,2026/09/18 11:34:49.696,GPU-af815c34-e868-2ca8-0057-81c8ac28573e,2632,13801,61,162.81,96
1077.199024438858,2026/09/18 11:34:54.730,GPU-af815c34-e868-2ca8-0057-81c8ac28573e,2632,13801,61,162.68,96
1082.2328834533691,2026/09/18 11:34:59.764,GPU-af815c34-e868-2ca8-0057-81c8ac28573e,2632,13801,62,162.57,95
1087.2668569087982,2026/09/18 11:35:04.797,GPU-af815c34-e868-2ca8-0057-81c8ac28573e,2632,13801,61,162.93,96
1092.2999894618988,2026/09/18 11:35:09.830,GPU-af815c34-e868-2ca8-0057-81c8ac28573e,2632,13801,61,162.24,96
1097.3318417072296,2026/09/18 11:35:14.862,GPU-af815c34-e868-2ca8-0057-81c8ac28573e,2632,13801,61,162.54,96
1102.364233970642,2026/09/18 11:35:19.895,GPU-af815c34-e868-2ca8-0057-81c8ac28573e,2632,13801,62,163.02,96
1107.3976383209229,2026/09/18 11:35:24.928,GPU-af815c34-e868-2ca8-0057-81c8ac28573e,2632,13801,61,162.70,96
1112.4304950237274,2026/09/18 11:35:29.961,GPU-af815c34-e868-2ca8-0057-81c8ac28573e,2632,13801,61,162.25,96
1117.4636051654816,2026/09/18 11:35:34.995,GPU-af815c34-e868-2ca8-0057-81c8ac28573e,2632,13801,61,162.63,96
1122.4968888759613,2026/09/18 11:35:40.028,GPU-af815c34-e868-2ca8-0057-81c8ac28573e,2632,13801,62,162.73,96
1127.5302221775055,2026/09/18 11:35:45.066,GPU-af815c34-e868-2ca8-0057-81c8ac28573e,2632,13801,61,162.61,96
1132.5684475898743,2026/09/18 11:35:50.099,GPU-af815c34-e868-2ca8-0057-81c8ac28573e,2632,13801,61,162.57,96
1137.6006934642792,2026/09/18 11:35:55.131,GPU-af815c34-e868-2ca8-0057-81c8ac28573e,2632,13801,61,162.06,96
1142.632824897766,2026/09/18 11:36:00.164,GPU-af815c34-e868-2ca8-0057-81c8ac28573e,2632,13801,62,162.69,96
1147.667093038559,2026/09/18 11:36:05.199,GPU-af815c34-e868-2ca8-0057-81c8ac28573e,2632,13801,62,163.01,96
1152.701649904251,2026/09/18 11:36:10.232,GPU-af815c34-e868-2ca8-0057-81c8ac28573e,2632,13801,61,162.45,96
1157.7355983257294,2026/09/18 11:36:15.266,GPU-af815c34-e868-2ca8-0057-81c8ac28573e,2632,13801,61,162.35,96
1162.7684767246246,2026/09/18 11:36:20.298,GPU-af815c34-e868-2ca8-0057-81c8ac28573e,2632,13801,61,162.80,96
1167.8008811473846,2026/09/18 11:36:25.331,GPU-af815c34-e868-2ca8-0057-81c8ac28573e,2632,13801,62,163.08,96
1172.8344366550446,2026/09/18 11:36:30.365,GPU-af815c34-e868-2ca8-0057-81c8ac28573e,2632,13801,62,162.68,95
1177.8670256137848,2026/09/18 11:36:35.397,GPU-af815c34-e868-2ca8-0057-81c8ac28573e,2632,13801,61,162.48,96
1182.8992881774902,2026/09/18 11:36:40.430,GPU-af815c34-e868-2ca8-0057-81c8ac28573e,2632,13801,62,162.80,96
1187.9325907230377,2026/09/18 11:36:45.464,GPU-af815c34-e868-2ca8-0057-81c8ac28573e,2632,13801,61,162.68,96
1192.9672648906708,2026/09/18 11:36:50.498,GPU-af815c34-e868-2ca8-0057-81c8ac28573e,2632,13801,61,162.56,96
1198.0007593631744,2026/09/18 11:36:55.531,GPU-af815c34-e868-2ca8-0057-81c8ac28573e,2632,13801,61,162.73,96
